<?xml version='1.0' encoding='utf-8'?>
<!DOCTYPE hibernate-configuration PUBLIC
    "-//Hibernate/Hibernate Configuration DTD//EN"
    "http://www.hibernate.org/dtd/hibernate-configuration-3.0.dtd">
<hibernate-configuration>
  <session-factory>
    <property name="connection.url">jdbc:mysql://localhost:3306/contacts</property>
    <property name="connection.driver_class">com.mysql.jdbc.Driver</property>
    <property name="connection.username">root</property>
    <property name="connection.password">password</property>
      <mapping class="org.example.entities.EntityEmail"/>
      <mapping class="org.example.entities.EntityPerson"/>
      <mapping class="org.example.entities.EntityPhone"/>
      <!-- DB schema will be updated if needed -->
    <!-- <property name="hbm2ddl.auto">update</property> -->
  </session-factory>
</hibernate-configuration>